{"cameraMode":{"drawMode":0,"name":"Shaded","section":"Shading Mode"},"sceneLighting":true,"audioPlay":false,"sceneViewState":{"m_AlwaysRefresh":false,"showFog":true,"showSkybox":true,"showFlares":true,"showImageEffects":true,"showParticleSystems":true,"showVisualEffectGraphs":true,"m_FxEnabled":true},"in2DMode":false,"pivot":{"x":0.47290611267089846,"y":3.6000001430511476,"z":-4.803934097290039},"rotation":{"x":-0.08668585866689682,"y":0.10797128826379776,"z":-0.009450250305235386,"w":-0.990327775478363},"size":12.12435531616211,"orthographic":false}